"","Year","Month","Mon","Station","Gear","Catch","Effort"
"1",1998,"Apr",4,1,"Gillnet",15.492,39964
"2",1998,"Apr",4,2,"Gillnet",12.475,28309
"3",1998,"Apr",4,3,"Gillnet",24.249,34206
"4",1999,"Apr",4,1,"Gillnet",6.795,32298
"5",1999,"Apr",4,2,"Gillnet",7.062,29886
"6",1999,"Apr",4,3,"Gillnet",8.756,30078
"7",2000,"Apr",4,1,"Gillnet",11.622,37931
"8",2000,"Apr",4,2,"Gillnet",12.284,42024
"9",2000,"Apr",4,3,"Gillnet",14.792,37817
"10",2001,"Apr",4,1,"Gillnet",9.299,36097
"11",2001,"Apr",4,2,"Gillnet",9.192,39523
"12",2001,"Apr",4,3,"Gillnet",11.109,33174
"13",2002,"Apr",4,1,"Gillnet",13.942,34574
"14",2002,"Apr",4,2,"Gillnet",11.154,37307
"15",2002,"Apr",4,3,"Gillnet",13.029,30498
"16",2003,"Apr",4,1,"Gillnet",11.573,32542
"17",2003,"Apr",4,2,"Gillnet",9.292,31213
"18",2003,"Apr",4,3,"Gillnet",12.573,27652
"19",2004,"Apr",4,1,"Gillnet",24.245,45155
"20",2004,"Apr",4,2,"Gillnet",12.158,35163
"21",2004,"Apr",4,3,"Gillnet",16.167,37844
"22",2005,"Apr",4,1,"Gillnet",25.574,50611
"23",2005,"Apr",4,2,"Gillnet",8.069,32267
"24",2005,"Apr",4,3,"Gillnet",15.12,40682
"25",2006,"Apr",4,1,"Gillnet",5.457,25061
"26",2006,"Apr",4,2,"Gillnet",1.429,10767
"27",2006,"Apr",4,3,"Gillnet",9.126,24556
"28",2007,"Apr",4,1,"Gillnet",14.825,42453
"29",2007,"Apr",4,2,"Gillnet",6.199,23053
"30",2007,"Apr",4,3,"Gillnet",20.521,43685
"31",2008,"Apr",4,1,"Gillnet",10.098,40357
"32",2008,"Apr",4,2,"Gillnet",3.834,19443
"33",2008,"Apr",4,3,"Gillnet",16.276,36338
"34",2009,"Apr",4,1,"Gillnet",8.069,39624
"35",2009,"Apr",4,2,"Gillnet",1.933,16457
"36",2009,"Apr",4,3,"Gillnet",15.001,44721
"37",2010,"Apr",4,1,"Gillnet",5.017,24545
"38",2010,"Apr",4,2,"Gillnet",1.758,10613
"39",2010,"Apr",4,3,"Gillnet",10.438,38467
"40",2011,"Apr",4,1,"Gillnet",8.529,26779
"41",2011,"Apr",4,2,"Gillnet",4.16,12758
"42",2011,"Apr",4,3,"Gillnet",8.69,28385
"43",2012,"Apr",4,1,"Gillnet",15.822,46215
"44",2012,"Apr",4,2,"Gillnet",3.222,14290
"45",2012,"Apr",4,3,"Gillnet",23.168,44679
"46",2013,"Apr",4,1,"Gillnet",6.606,22728
"47",2013,"Apr",4,2,"Gillnet",1.615,3233
"48",2013,"Apr",4,3,"Gillnet",5.637,15690
"49",2014,"Apr",4,1,"Gillnet",8.736,43481
"50",2014,"Apr",4,2,"Gillnet",0.467,6384
"51",2014,"Apr",4,3,"Gillnet",8.586,36659
"52",2015,"Apr",4,1,"Gillnet",13.829,37396
"53",2015,"Apr",4,2,"Gillnet",0.102,2624
"54",2015,"Apr",4,3,"Gillnet",8.439,29265
"55",2016,"Apr",4,1,"Gillnet",14.759,34467
"56",2016,"Apr",4,2,"Gillnet",2.36,5473
"57",2016,"Apr",4,3,"Gillnet",8.907,24743
"58",2017,"Apr",4,1,"Gillnet",14.223,32166
"59",2017,"Apr",4,2,"Gillnet",5.678,8335
"60",2017,"Apr",4,3,"Gillnet",9.496,27556
"61",2018,"Apr",4,1,"Gillnet",6.617,15732
"62",2018,"Apr",4,2,"Gillnet",0.403,2046
"63",2018,"Apr",4,3,"Gillnet",3.662,14634
"64",2019,"Apr",4,1,"Gillnet",9.152,34647
"65",2019,"Apr",4,2,"Gillnet",0.48,2211
"66",2019,"Apr",4,3,"Gillnet",7.36,13553
"67",2020,"Apr",4,1,"Gillnet",6.375,25903
"68",2020,"Apr",4,2,"Gillnet",0.484,1926
"69",2020,"Apr",4,3,"Gillnet",3.804,10004
"70",1998,"Aug",8,1,"Gillnet",0.114,3224
"71",1998,"Aug",8,2,"Gillnet",0.112,3912
"72",1998,"Aug",8,3,"Gillnet",1.664,6879
"73",1999,"Aug",8,1,"Gillnet",0.199,1934
"74",1999,"Aug",8,2,"Gillnet",0.19,4566
"75",1999,"Aug",8,3,"Gillnet",4.226,8157
"76",2000,"Aug",8,1,"Gillnet",0.391,4242
"77",2000,"Aug",8,2,"Gillnet",0.102,4151
"78",2000,"Aug",8,3,"Gillnet",1.024,6454
"79",2001,"Aug",8,1,"Gillnet",0.192,3493
"80",2001,"Aug",8,2,"Gillnet",0.072,2912
"81",2001,"Aug",8,3,"Gillnet",1.239,4860
"82",2002,"Aug",8,1,"Gillnet",0.324,8979
"83",2002,"Aug",8,2,"Gillnet",0.045,1502
"84",2002,"Aug",8,3,"Gillnet",0.597,3713
"85",2003,"Aug",8,1,"Gillnet",3.663,19612
"86",2003,"Aug",8,2,"Gillnet",0.312,3720
"87",2003,"Aug",8,3,"Gillnet",4.004,6954
"88",2004,"Aug",8,1,"Gillnet",1.53,12527
"89",2004,"Aug",8,2,"Gillnet",0.052,1581
"90",2004,"Aug",8,3,"Gillnet",1.209,5754
"91",2005,"Aug",8,1,"Gillnet",1.575,19290
"92",2005,"Aug",8,2,"Gillnet",0.053,1350
"93",2005,"Aug",8,3,"Gillnet",2.848,8023
"94",2006,"Aug",8,1,"Gillnet",0.796,14432
"95",2006,"Aug",8,2,"Gillnet",0.082,1498
"96",2006,"Aug",8,3,"Gillnet",1.849,5927
"97",2007,"Aug",8,1,"Gillnet",0.496,12419
"98",2007,"Aug",8,2,"Gillnet",0.031,1108
"99",2007,"Aug",8,3,"Gillnet",1.303,7746
"100",2008,"Aug",8,1,"Gillnet",0.537,16831
"101",2008,"Aug",8,2,"Gillnet",0.043,1783
"102",2008,"Aug",8,3,"Gillnet",1.025,5884
"103",2009,"Aug",8,1,"Gillnet",0.441,11453
"104",2009,"Aug",8,2,"Gillnet",0.049,2149
"105",2009,"Aug",8,3,"Gillnet",0.728,5473
"106",2010,"Aug",8,1,"Gillnet",0.837,28131
"107",2010,"Aug",8,2,"Gillnet",0.08,3515
"108",2010,"Aug",8,3,"Gillnet",0.797,5859
"109",2011,"Aug",8,1,"Gillnet",0.798,15319
"110",2011,"Aug",8,2,"Gillnet",0.05,2214
"111",2011,"Aug",8,3,"Gillnet",1.513,6582
"112",2012,"Aug",8,1,"Gillnet",0.698,15811
"113",2012,"Aug",8,2,"Gillnet",0.153,2305
"114",2012,"Aug",8,3,"Gillnet",1.263,6717
"115",2013,"Aug",8,1,"Gillnet",0.481,11071
"116",2013,"Aug",8,2,"Gillnet",0.218,3054
"117",2013,"Aug",8,3,"Gillnet",0.697,4932
"118",2014,"Aug",8,1,"Gillnet",1.012,14291
"119",2014,"Aug",8,2,"Gillnet",0.068,2414
"120",2014,"Aug",8,3,"Gillnet",0.595,3684
"121",2015,"Aug",8,1,"Gillnet",0.223,8957
"122",2015,"Aug",8,2,"Gillnet",0.099,1916
"123",2015,"Aug",8,3,"Gillnet",0.395,2868
"124",2016,"Aug",8,1,"Gillnet",0.645,13994
"125",2016,"Aug",8,2,"Gillnet",0.031,1105
"126",2016,"Aug",8,3,"Gillnet",0.731,2756
"127",2017,"Aug",8,1,"Gillnet",0.546,8324
"128",2017,"Aug",8,2,"Gillnet",0.072,1270
"129",2017,"Aug",8,3,"Gillnet",0.446,2776
"130",2018,"Aug",8,1,"Gillnet",0.596,11342
"131",2018,"Aug",8,2,"Gillnet",0.079,2228
"132",2018,"Aug",8,3,"Gillnet",0.373,2026
"133",2019,"Aug",8,1,"Gillnet",0.25,8524
"134",2019,"Aug",8,2,"Gillnet",0.169,2184
"135",2019,"Aug",8,3,"Gillnet",0.227,1730
"136",2020,"Aug",8,1,"Gillnet",0.643,11911
"137",2020,"Aug",8,2,"Gillnet",0.163,2510
"138",2020,"Aug",8,3,"Gillnet",0.585,2203
"139",1998,"Dec",12,1,"Gillnet",3.163,10448
"140",1998,"Dec",12,2,"Gillnet",4.978,12418
"141",1998,"Dec",12,3,"Gillnet",14.165,25615
"142",1999,"Dec",12,1,"Gillnet",3.588,12397
"143",1999,"Dec",12,2,"Gillnet",7.485,16583
"144",1999,"Dec",12,3,"Gillnet",15.829,24341
"145",2000,"Dec",12,1,"Gillnet",11.099,25624
"146",2000,"Dec",12,2,"Gillnet",13.452,32726
"147",2000,"Dec",12,3,"Gillnet",15.221,31376
"148",2001,"Dec",12,1,"Gillnet",9.529,22885
"149",2001,"Dec",12,2,"Gillnet",5.963,13954
"150",2001,"Dec",12,3,"Gillnet",13.761,22495
"151",2002,"Dec",12,1,"Gillnet",11.311,27960
"152",2002,"Dec",12,2,"Gillnet",6.54,14372
"153",2002,"Dec",12,3,"Gillnet",6.602,13367
"154",2003,"Dec",12,1,"Gillnet",15.306,25337
"155",2003,"Dec",12,2,"Gillnet",2.261,9543
"156",2003,"Dec",12,3,"Gillnet",14.006,28589
"157",2004,"Dec",12,1,"Gillnet",9.198,22997
"158",2004,"Dec",12,2,"Gillnet",1.124,7084
"159",2004,"Dec",12,3,"Gillnet",7.772,20636
"160",2005,"Dec",12,1,"Gillnet",9.158,19499
"161",2005,"Dec",12,2,"Gillnet",1.261,5347
"162",2005,"Dec",12,3,"Gillnet",4.029,15191
"163",2006,"Dec",12,1,"Gillnet",11.642,30612
"164",2006,"Dec",12,2,"Gillnet",1.493,5104
"165",2006,"Dec",12,3,"Gillnet",11.594,26267
"166",2007,"Dec",12,1,"Gillnet",10.294,27941
"167",2007,"Dec",12,2,"Gillnet",1.173,6691
"168",2007,"Dec",12,3,"Gillnet",13.454,28918
"169",2008,"Dec",12,1,"Gillnet",5.23,21974
"170",2008,"Dec",12,2,"Gillnet",2.337,4375
"171",2008,"Dec",12,3,"Gillnet",8.597,20977
"172",2009,"Dec",12,1,"Gillnet",5.518,20416
"173",2009,"Dec",12,2,"Gillnet",0.641,4517
"174",2009,"Dec",12,3,"Gillnet",5.987,19873
"175",2010,"Dec",12,1,"Gillnet",6.524,26985
"176",2010,"Dec",12,2,"Gillnet",0.363,5570
"177",2010,"Dec",12,3,"Gillnet",4.781,11653
"178",2011,"Dec",12,1,"Gillnet",13.528,22752
"179",2011,"Dec",12,2,"Gillnet",0.765,1498
"180",2011,"Dec",12,3,"Gillnet",14.048,25874
"181",2012,"Dec",12,1,"Gillnet",2.163,6965
"182",2012,"Dec",12,2,"Gillnet",0.032,843
"183",2012,"Dec",12,3,"Gillnet",2.975,10790
"184",2013,"Dec",12,1,"Gillnet",6.154,18503
"185",2013,"Dec",12,2,"Gillnet",2.093,1649
"186",2013,"Dec",12,3,"Gillnet",4.259,15294
"187",2014,"Dec",12,1,"Gillnet",8.322,19184
"188",2014,"Dec",12,2,"Gillnet",3.149,4024
"189",2014,"Dec",12,3,"Gillnet",3.658,15965
"190",2015,"Dec",12,1,"Gillnet",7.382,20218
"191",2015,"Dec",12,2,"Gillnet",0.002,24
"192",2015,"Dec",12,3,"Gillnet",4.325,12232
"193",2016,"Dec",12,1,"Gillnet",2.682,5495
"194",2016,"Dec",12,2,"Gillnet",2.408,3675
"195",2016,"Dec",12,3,"Gillnet",2.157,6907
"196",2017,"Dec",12,1,"Gillnet",4.692,22564
"197",2017,"Dec",12,2,"Gillnet",0.974,1240
"198",2017,"Dec",12,3,"Gillnet",2.133,9486
"199",2018,"Dec",12,1,"Gillnet",6.351,23077
"200",2018,"Dec",12,2,"Gillnet",0.042,200
"201",2018,"Dec",12,3,"Gillnet",4.508,9193
"202",2019,"Dec",12,1,"Gillnet",4.682,14319
"203",2019,"Dec",12,2,"Gillnet",0.093,38
"204",2019,"Dec",12,3,"Gillnet",5.734,8481
"205",2020,"Dec",12,1,"Gillnet",7.933,19664
"206",2020,"Dec",12,2,"Gillnet",1.55,789
"207",2020,"Dec",12,3,"Gillnet",5.375,8864
"208",1998,"Feb",2,1,"Gillnet",2.021,16268
"209",1998,"Feb",2,2,"Gillnet",3.514,10453
"210",1998,"Feb",2,3,"Gillnet",6.17,12862
"211",1999,"Feb",2,1,"Gillnet",1.141,20091
"212",1999,"Feb",2,2,"Gillnet",1.209,12071
"213",1999,"Feb",2,3,"Gillnet",2.658,15921
"214",2000,"Feb",2,1,"Gillnet",3.386,31733
"215",2000,"Feb",2,2,"Gillnet",2.678,18358
"216",2000,"Feb",2,3,"Gillnet",4.056,15037
"217",2001,"Feb",2,1,"Gillnet",1.08,18523
"218",2001,"Feb",2,2,"Gillnet",0.801,15894
"219",2001,"Feb",2,3,"Gillnet",1.934,14089
"220",2002,"Feb",2,1,"Gillnet",1.873,30459
"221",2002,"Feb",2,2,"Gillnet",1.104,15916
"222",2002,"Feb",2,3,"Gillnet",3.028,13190
"223",2003,"Feb",2,1,"Gillnet",5.976,48618
"224",2003,"Feb",2,2,"Gillnet",6.412,37493
"225",2003,"Feb",2,3,"Gillnet",8.733,28108
"226",2004,"Feb",2,1,"Gillnet",9.788,49809
"227",2004,"Feb",2,2,"Gillnet",5.958,27886
"228",2004,"Feb",2,3,"Gillnet",10.056,30251
"229",2005,"Feb",2,1,"Gillnet",9.222,34230
"230",2005,"Feb",2,2,"Gillnet",1.89,15739
"231",2005,"Feb",2,3,"Gillnet",3.66,16644
"232",2006,"Feb",2,1,"Gillnet",4.924,44638
"233",2006,"Feb",2,2,"Gillnet",1.028,16239
"234",2006,"Feb",2,3,"Gillnet",5.683,32612
"235",2007,"Feb",2,1,"Gillnet",9.091,47865
"236",2007,"Feb",2,2,"Gillnet",1.732,9788
"237",2007,"Feb",2,3,"Gillnet",8.826,20664
"238",2008,"Feb",2,1,"Gillnet",4.183,12989
"239",2008,"Feb",2,2,"Gillnet",2.45,3906
"240",2008,"Feb",2,3,"Gillnet",5.143,11202
"241",2009,"Feb",2,1,"Gillnet",4.44,48736
"242",2009,"Feb",2,2,"Gillnet",0.358,8763
"243",2009,"Feb",2,3,"Gillnet",3.106,13692
"244",2010,"Feb",2,1,"Gillnet",1.992,36941
"245",2010,"Feb",2,2,"Gillnet",0.333,11673
"246",2010,"Feb",2,3,"Gillnet",4.081,23307
"247",2011,"Feb",2,1,"Gillnet",3.02,31045
"248",2011,"Feb",2,2,"Gillnet",0.303,6639
"249",2011,"Feb",2,3,"Gillnet",3.594,18564
"250",2012,"Feb",2,1,"Gillnet",10.683,43856
"251",2012,"Feb",2,2,"Gillnet",1.731,7584
"252",2012,"Feb",2,3,"Gillnet",6.035,16789
"253",2013,"Feb",2,1,"Gillnet",3.421,35226
"254",2013,"Feb",2,2,"Gillnet",0.685,8136
"255",2013,"Feb",2,3,"Gillnet",3.937,14022
"256",2014,"Feb",2,1,"Gillnet",4.432,32028
"257",2014,"Feb",2,2,"Gillnet",0.598,8204
"258",2014,"Feb",2,3,"Gillnet",3.487,14875
"259",2015,"Feb",2,1,"Gillnet",4.826,19222
"260",2015,"Feb",2,2,"Gillnet",0.057,193
"261",2015,"Feb",2,3,"Gillnet",2.154,7092
"262",2016,"Feb",2,1,"Gillnet",2.997,20867
"263",2016,"Feb",2,2,"Gillnet",0.347,1542
"264",2016,"Feb",2,3,"Gillnet",2.802,8706
"265",2017,"Feb",2,1,"Gillnet",2.391,21554
"266",2017,"Feb",2,2,"Gillnet",0.761,3712
"267",2017,"Feb",2,3,"Gillnet",2.447,12580
"268",2018,"Feb",2,1,"Gillnet",3.006,21839
"269",2018,"Feb",2,2,"Gillnet",0.331,1656
"270",2018,"Feb",2,3,"Gillnet",2.11,9336
"271",2019,"Feb",2,1,"Gillnet",1.663,19116
"272",2019,"Feb",2,2,"Gillnet",0.156,240
"273",2019,"Feb",2,3,"Gillnet",1.827,4460
"274",2020,"Feb",2,1,"Gillnet",0.6,6730
"275",2020,"Feb",2,2,"Gillnet",0.821,556
"276",2020,"Feb",2,3,"Gillnet",1.189,1275
"277",1998,"Jan",1,1,"Gillnet",7.786,12786
"278",1998,"Jan",1,2,"Gillnet",8.558,15857
"279",1998,"Jan",1,3,"Gillnet",29.768,27008
"280",1999,"Jan",1,1,"Gillnet",0.596,12049
"281",1999,"Jan",1,2,"Gillnet",2.181,6811
"282",1999,"Jan",1,3,"Gillnet",4.414,16135
"283",2000,"Jan",1,1,"Gillnet",3.383,15147
"284",2000,"Jan",1,2,"Gillnet",5.644,14197
"285",2000,"Jan",1,3,"Gillnet",8.97,17201
"286",2001,"Jan",1,1,"Gillnet",6.923,22331
"287",2001,"Jan",1,2,"Gillnet",7.497,21671
"288",2001,"Jan",1,3,"Gillnet",8.378,28012
"289",2002,"Jan",1,1,"Gillnet",2.992,26823
"290",2002,"Jan",1,2,"Gillnet",1.464,15679
"291",2002,"Jan",1,3,"Gillnet",2.904,13328
"292",2003,"Jan",1,1,"Gillnet",7.464,49285
"293",2003,"Jan",1,2,"Gillnet",8.439,35106
"294",2003,"Jan",1,3,"Gillnet",8.59,25698
"295",2004,"Jan",1,1,"Gillnet",10.813,37998
"296",2004,"Jan",1,2,"Gillnet",2.984,17031
"297",2004,"Jan",1,3,"Gillnet",8.422,19796
"298",2005,"Jan",1,1,"Gillnet",9.952,17621
"299",2005,"Jan",1,2,"Gillnet",1.307,4078
"300",2005,"Jan",1,3,"Gillnet",5.729,15528
"301",2006,"Jan",1,1,"Gillnet",7.271,34533
"302",2006,"Jan",1,2,"Gillnet",4.101,9828
"303",2006,"Jan",1,3,"Gillnet",5.431,17519
"304",2007,"Jan",1,1,"Gillnet",5.761,23464
"305",2007,"Jan",1,2,"Gillnet",1.489,3972
"306",2007,"Jan",1,3,"Gillnet",8.095,15826
"307",2008,"Jan",1,1,"Gillnet",3.223,15381
"308",2008,"Jan",1,2,"Gillnet",0.679,1330
"309",2008,"Jan",1,3,"Gillnet",5.869,12634
"310",2009,"Jan",1,1,"Gillnet",7.01,24392
"311",2009,"Jan",1,2,"Gillnet",0.826,5785
"312",2009,"Jan",1,3,"Gillnet",3.258,9840
"313",2010,"Jan",1,1,"Gillnet",3.236,37088
"314",2010,"Jan",1,2,"Gillnet",0.643,10801
"315",2010,"Jan",1,3,"Gillnet",3.855,21354
"316",2011,"Jan",1,1,"Gillnet",5.943,43621
"317",2011,"Jan",1,2,"Gillnet",0.406,7682
"318",2011,"Jan",1,3,"Gillnet",4.7,19796
"319",2012,"Jan",1,1,"Gillnet",10.351,19535
"320",2012,"Jan",1,2,"Gillnet",3.139,4887
"321",2012,"Jan",1,3,"Gillnet",6.322,8953
"322",2013,"Jan",1,1,"Gillnet",7.594,29343
"323",2013,"Jan",1,2,"Gillnet",0.158,4350
"324",2013,"Jan",1,3,"Gillnet",5.435,12643
"325",2014,"Jan",1,1,"Gillnet",8.436,21233
"326",2014,"Jan",1,2,"Gillnet",2.016,3921
"327",2014,"Jan",1,3,"Gillnet",3.794,9105
"328",2015,"Jan",1,1,"Gillnet",4.04,18349
"329",2015,"Jan",1,2,"Gillnet",1.048,1553
"330",2015,"Jan",1,3,"Gillnet",1.424,3655
"331",2016,"Jan",1,1,"Gillnet",5.946,21431
"332",2016,"Jan",1,2,"Gillnet",0.105,2108
"333",2016,"Jan",1,3,"Gillnet",3.945,9494
"334",2017,"Jan",1,1,"Gillnet",4.435,20993
"335",2017,"Jan",1,2,"Gillnet",0.497,1452
"336",2017,"Jan",1,3,"Gillnet",1.654,7086
"337",2018,"Jan",1,1,"Gillnet",2.509,11533
"338",2018,"Jan",1,2,"Gillnet",0.128,210
"339",2018,"Jan",1,3,"Gillnet",1.763,3745
"340",2019,"Jan",1,1,"Gillnet",2.869,20834
"341",2019,"Jan",1,2,"Gillnet",0.52,1990
"342",2019,"Jan",1,3,"Gillnet",2.136,1839
"343",2020,"Jan",1,1,"Gillnet",2.657,11062
"344",2020,"Jan",1,2,"Gillnet",1.103,204
"345",2020,"Jan",1,3,"Gillnet",2.25,1210
"346",1998,"Jul",7,1,"Gillnet",0.281,2638
"347",1998,"Jul",7,2,"Gillnet",0.128,3670
"348",1998,"Jul",7,3,"Gillnet",1.505,3088
"349",1999,"Jul",7,1,"Gillnet",0.034,444
"350",1999,"Jul",7,2,"Gillnet",0.047,2597
"351",1999,"Jul",7,3,"Gillnet",0.74,3316
"352",2000,"Jul",7,1,"Gillnet",0.057,1690
"353",2000,"Jul",7,2,"Gillnet",0.02,746
"354",2000,"Jul",7,3,"Gillnet",0.439,2406
"355",2001,"Jul",7,1,"Gillnet",0.275,3154
"356",2001,"Jul",7,2,"Gillnet",0.013,583
"357",2001,"Jul",7,3,"Gillnet",0.29,2353
"358",2002,"Jul",7,1,"Gillnet",0.068,1652
"359",2002,"Jul",7,2,"Gillnet",0.032,1297
"360",2002,"Jul",7,3,"Gillnet",0.571,2714
"361",2003,"Jul",7,1,"Gillnet",0.869,8465
"362",2003,"Jul",7,2,"Gillnet",0.127,1204
"363",2003,"Jul",7,3,"Gillnet",1.625,4761
"364",2004,"Jul",7,1,"Gillnet",1.096,5983
"365",2004,"Jul",7,2,"Gillnet",0.123,1053
"366",2004,"Jul",7,3,"Gillnet",1.5,6842
"367",2005,"Jul",7,1,"Gillnet",0.784,9987
"368",2005,"Jul",7,2,"Gillnet",0.15,2978
"369",2005,"Jul",7,3,"Gillnet",1.067,5541
"370",2006,"Jul",7,1,"Gillnet",0.429,7975
"371",2006,"Jul",7,2,"Gillnet",0.015,563
"372",2006,"Jul",7,3,"Gillnet",0.946,7446
"373",2007,"Jul",7,1,"Gillnet",0.223,8749
"374",2007,"Jul",7,2,"Gillnet",0.008,1144
"375",2007,"Jul",7,3,"Gillnet",0.696,5599
"376",2008,"Jul",7,1,"Gillnet",0.223,6967
"377",2008,"Jul",7,2,"Gillnet",0.014,397
"378",2008,"Jul",7,3,"Gillnet",0.63,5844
"379",2009,"Jul",7,1,"Gillnet",0.216,7958
"380",2009,"Jul",7,2,"Gillnet",0.005,251
"381",2009,"Jul",7,3,"Gillnet",0.133,4091
"382",2010,"Jul",7,1,"Gillnet",0.643,7961
"383",2010,"Jul",7,2,"Gillnet",0.01,1074
"384",2010,"Jul",7,3,"Gillnet",0.356,4682
"385",2011,"Jul",7,1,"Gillnet",0.408,6419
"386",2011,"Jul",7,2,"Gillnet",0.001,193
"387",2011,"Jul",7,3,"Gillnet",0.649,4843
"388",2012,"Jul",7,1,"Gillnet",0.336,5807
"389",2012,"Jul",7,2,"Gillnet",0.016,341
"390",2012,"Jul",7,3,"Gillnet",0.256,5840
"391",2013,"Jul",7,1,"Gillnet",0.185,3344
"392",2013,"Jul",7,2,"Gillnet",0.02,161
"393",2013,"Jul",7,3,"Gillnet",0.445,3914
"394",2014,"Jul",7,1,"Gillnet",0.281,5040
"395",2014,"Jul",7,2,"Gillnet",0.001,274
"396",2014,"Jul",7,3,"Gillnet",0.081,2590
"397",2015,"Jul",7,1,"Gillnet",0.301,3285
"398",2015,"Jul",7,3,"Gillnet",0.186,3036
"399",2016,"Jul",7,1,"Gillnet",0.124,3932
"400",2016,"Jul",7,2,"Gillnet",0.001,20
"401",2016,"Jul",7,3,"Gillnet",0.207,1403
"402",2017,"Jul",7,1,"Gillnet",0.355,1710
"403",2017,"Jul",7,3,"Gillnet",0.17,2512
"404",2018,"Jul",7,1,"Gillnet",0.287,2624
"405",2018,"Jul",7,2,"Gillnet",0.001,20
"406",2018,"Jul",7,3,"Gillnet",0.104,1145
"407",2019,"Jul",7,1,"Gillnet",0.185,3036
"408",2019,"Jul",7,2,"Gillnet",0.051,720
"409",2019,"Jul",7,3,"Gillnet",0.092,1118
"410",2020,"Jul",7,1,"Gillnet",0.141,2812
"411",2020,"Jul",7,2,"Gillnet",0.031,804
"412",2020,"Jul",7,3,"Gillnet",0.221,1617
"413",1998,"Jun",6,1,"Gillnet",1.292,8214
"414",1998,"Jun",6,2,"Gillnet",1.163,3604
"415",1998,"Jun",6,3,"Gillnet",3.61,10841
"416",1999,"Jun",6,1,"Gillnet",0.256,3482
"417",1999,"Jun",6,2,"Gillnet",0.419,3379
"418",1999,"Jun",6,3,"Gillnet",0.95,6198
"419",2000,"Jun",6,1,"Gillnet",0.319,4194
"420",2000,"Jun",6,2,"Gillnet",0.425,4101
"421",2000,"Jun",6,3,"Gillnet",1.754,8423
"422",2001,"Jun",6,1,"Gillnet",0.34,6509
"423",2001,"Jun",6,2,"Gillnet",0.554,4533
"424",2001,"Jun",6,3,"Gillnet",1.099,7926
"425",2002,"Jun",6,1,"Gillnet",0.307,8935
"426",2002,"Jun",6,2,"Gillnet",0.191,3395
"427",2002,"Jun",6,3,"Gillnet",1.054,4919
"428",2003,"Jun",6,1,"Gillnet",3.021,18875
"429",2003,"Jun",6,2,"Gillnet",3.018,6529
"430",2003,"Jun",6,3,"Gillnet",5.169,11443
"431",2004,"Jun",6,1,"Gillnet",1.248,8314
"432",2004,"Jun",6,2,"Gillnet",2.109,6365
"433",2004,"Jun",6,3,"Gillnet",1.658,8169
"434",2005,"Jun",6,1,"Gillnet",3.243,11347
"435",2005,"Jun",6,2,"Gillnet",1.584,7343
"436",2005,"Jun",6,3,"Gillnet",2.512,10698
"437",2006,"Jun",6,1,"Gillnet",0.802,10670
"438",2006,"Jun",6,2,"Gillnet",2.092,7936
"439",2006,"Jun",6,3,"Gillnet",1.878,10852
"440",2007,"Jun",6,1,"Gillnet",0.882,6842
"441",2007,"Jun",6,2,"Gillnet",0.521,3555
"442",2007,"Jun",6,3,"Gillnet",1.088,6785
"443",2008,"Jun",6,1,"Gillnet",0.776,6498
"444",2008,"Jun",6,2,"Gillnet",0.145,831
"445",2008,"Jun",6,3,"Gillnet",0.886,7089
"446",2009,"Jun",6,1,"Gillnet",0.706,10550
"447",2009,"Jun",6,2,"Gillnet",0.143,2542
"448",2009,"Jun",6,3,"Gillnet",1.112,8902
"449",2010,"Jun",6,1,"Gillnet",0.972,15985
"450",2010,"Jun",6,2,"Gillnet",0.436,2164
"451",2010,"Jun",6,3,"Gillnet",1.782,9162
"452",2011,"Jun",6,1,"Gillnet",0.999,9217
"453",2011,"Jun",6,2,"Gillnet",0.845,5050
"454",2011,"Jun",6,3,"Gillnet",1.413,5786
"455",2012,"Jun",6,1,"Gillnet",0.423,3859
"456",2012,"Jun",6,2,"Gillnet",1.099,4205
"457",2012,"Jun",6,3,"Gillnet",1.072,6465
"458",2013,"Jun",6,1,"Gillnet",0.374,3665
"459",2013,"Jun",6,2,"Gillnet",0.145,1117
"460",2013,"Jun",6,3,"Gillnet",0.822,6508
"461",2014,"Jun",6,1,"Gillnet",0.269,6004
"462",2014,"Jun",6,2,"Gillnet",0.005,474
"463",2014,"Jun",6,3,"Gillnet",0.364,4368
"464",2015,"Jun",6,1,"Gillnet",0.364,4284
"465",2015,"Jun",6,2,"Gillnet",0.135,453
"466",2015,"Jun",6,3,"Gillnet",0.97,5647
"467",2016,"Jun",6,1,"Gillnet",0.069,609
"468",2016,"Jun",6,2,"Gillnet",0.024,132
"469",2016,"Jun",6,3,"Gillnet",0.416,3298
"470",2017,"Jun",6,1,"Gillnet",0.242,1894
"471",2017,"Jun",6,2,"Gillnet",0.199,562
"472",2017,"Jun",6,3,"Gillnet",1.135,4019
"473",2018,"Jun",6,1,"Gillnet",0.142,1006
"474",2018,"Jun",6,3,"Gillnet",0.649,1991
"475",2019,"Jun",6,1,"Gillnet",0.015,590
"476",2019,"Jun",6,3,"Gillnet",0.536,1834
"477",2020,"Jun",6,1,"Gillnet",1.13,3686
"478",2020,"Jun",6,3,"Gillnet",1.009,3409
"479",1998,"Mar",3,1,"Gillnet",2.205,15087
"480",1998,"Mar",3,2,"Gillnet",2.141,9740
"481",1998,"Mar",3,3,"Gillnet",5.079,16402
"482",1999,"Mar",3,1,"Gillnet",1.035,21494
"483",1999,"Mar",3,2,"Gillnet",1.69,16869
"484",1999,"Mar",3,3,"Gillnet",2.346,17514
"485",2000,"Mar",3,1,"Gillnet",3.11,25762
"486",2000,"Mar",3,2,"Gillnet",2.165,17781
"487",2000,"Mar",3,3,"Gillnet",4.53,17480
"488",2001,"Mar",3,1,"Gillnet",0.997,18896
"489",2001,"Mar",3,2,"Gillnet",0.823,16147
"490",2001,"Mar",3,3,"Gillnet",2.009,13749
"491",2002,"Mar",3,1,"Gillnet",1.78,19551
"492",2002,"Mar",3,2,"Gillnet",0.83,12620
"493",2002,"Mar",3,3,"Gillnet",2.317,11584
"494",2003,"Mar",3,1,"Gillnet",4.734,37239
"495",2003,"Mar",3,2,"Gillnet",4.709,36327
"496",2003,"Mar",3,3,"Gillnet",6.589,24996
"497",2004,"Mar",3,1,"Gillnet",7.312,40173
"498",2004,"Mar",3,2,"Gillnet",3.731,26348
"499",2004,"Mar",3,3,"Gillnet",7.104,29436
"500",2005,"Mar",3,1,"Gillnet",5.563,32211
"501",2005,"Mar",3,2,"Gillnet",2.929,26322
"502",2005,"Mar",3,3,"Gillnet",3.672,24353
"503",2006,"Mar",3,1,"Gillnet",3.739,46434
"504",2006,"Mar",3,2,"Gillnet",0.82,17165
"505",2006,"Mar",3,3,"Gillnet",3.988,24925
"506",2007,"Mar",3,1,"Gillnet",4.229,33142
"507",2007,"Mar",3,2,"Gillnet",1.589,12727
"508",2007,"Mar",3,3,"Gillnet",5.758,22344
"509",2008,"Mar",3,1,"Gillnet",8.893,20373
"510",2008,"Mar",3,2,"Gillnet",0.995,3467
"511",2008,"Mar",3,3,"Gillnet",9.963,18832
"512",2009,"Mar",3,1,"Gillnet",2.497,37405
"513",2009,"Mar",3,2,"Gillnet",0.263,8028
"514",2009,"Mar",3,3,"Gillnet",3.507,20629
"515",2010,"Mar",3,1,"Gillnet",1.312,28020
"516",2010,"Mar",3,2,"Gillnet",0.359,7100
"517",2010,"Mar",3,3,"Gillnet",2.837,24679
"518",2011,"Mar",3,1,"Gillnet",2.678,29955
"519",2011,"Mar",3,2,"Gillnet",0.653,6057
"520",2011,"Mar",3,3,"Gillnet",2.373,18072
"521",2012,"Mar",3,1,"Gillnet",4.408,34850
"522",2012,"Mar",3,2,"Gillnet",1.545,9149
"523",2012,"Mar",3,3,"Gillnet",3.623,12711
"524",2013,"Mar",3,1,"Gillnet",2.46,28215
"525",2013,"Mar",3,2,"Gillnet",0.181,4972
"526",2013,"Mar",3,3,"Gillnet",3.371,14690
"527",2014,"Mar",3,1,"Gillnet",3.647,18417
"528",2014,"Mar",3,2,"Gillnet",0.354,5722
"529",2014,"Mar",3,3,"Gillnet",3.566,17093
"530",2015,"Mar",3,1,"Gillnet",10.154,28511
"531",2015,"Mar",3,2,"Gillnet",1.687,5049
"532",2015,"Mar",3,3,"Gillnet",8.02,21292
"533",2016,"Mar",3,1,"Gillnet",1.224,10381
"534",2016,"Mar",3,2,"Gillnet",0.467,1491
"535",2016,"Mar",3,3,"Gillnet",1.751,8680
"536",2017,"Mar",3,1,"Gillnet",1.92,10720
"537",2017,"Mar",3,2,"Gillnet",0.862,2874
"538",2017,"Mar",3,3,"Gillnet",2.317,12478
"539",2018,"Mar",3,1,"Gillnet",1.627,18943
"540",2018,"Mar",3,2,"Gillnet",0.264,816
"541",2018,"Mar",3,3,"Gillnet",2.071,12902
"542",2019,"Mar",3,1,"Gillnet",0.695,8114
"543",2019,"Mar",3,2,"Gillnet",0.305,572
"544",2019,"Mar",3,3,"Gillnet",1.404,5136
"545",2020,"Mar",3,1,"Gillnet",5.563,14088
"546",2020,"Mar",3,2,"Gillnet",1.241,1096
"547",2020,"Mar",3,3,"Gillnet",3.747,4144
"548",1998,"May",5,1,"Gillnet",8.248,30229
"549",1998,"May",5,2,"Gillnet",10.028,31309
"550",1998,"May",5,3,"Gillnet",17.004,31820
"551",1999,"May",5,1,"Gillnet",2.779,28302
"552",1999,"May",5,2,"Gillnet",5.898,33371
"553",1999,"May",5,3,"Gillnet",4.277,25096
"554",2000,"May",5,1,"Gillnet",3.29,22427
"555",2000,"May",5,2,"Gillnet",7.493,28927
"556",2000,"May",5,3,"Gillnet",8.876,28838
"557",2001,"May",5,1,"Gillnet",1.978,23197
"558",2001,"May",5,2,"Gillnet",4.233,23331
"559",2001,"May",5,3,"Gillnet",6.845,26962
"560",2002,"May",5,1,"Gillnet",3.308,21355
"561",2002,"May",5,2,"Gillnet",4.955,21659
"562",2002,"May",5,3,"Gillnet",5.78,22501
"563",2003,"May",5,1,"Gillnet",20.228,58628
"564",2003,"May",5,2,"Gillnet",18.197,34734
"565",2003,"May",5,3,"Gillnet",17.01,43738
"566",2004,"May",5,1,"Gillnet",10.512,32165
"567",2004,"May",5,2,"Gillnet",10.61,28275
"568",2004,"May",5,3,"Gillnet",12.588,23746
"569",2005,"May",5,1,"Gillnet",18.555,45904
"570",2005,"May",5,2,"Gillnet",8.137,30950
"571",2005,"May",5,3,"Gillnet",11.91,29713
"572",2006,"May",5,1,"Gillnet",17.568,40641
"573",2006,"May",5,2,"Gillnet",10.848,29232
"574",2006,"May",5,3,"Gillnet",24.002,43013
"575",2007,"May",5,1,"Gillnet",6.511,31962
"576",2007,"May",5,2,"Gillnet",5.951,18558
"577",2007,"May",5,3,"Gillnet",12.318,31879
"578",2008,"May",5,1,"Gillnet",4.288,25770
"579",2008,"May",5,2,"Gillnet",2.892,15372
"580",2008,"May",5,3,"Gillnet",7.948,22633
"581",2009,"May",5,1,"Gillnet",5.647,27912
"582",2009,"May",5,2,"Gillnet",2.403,17314
"583",2009,"May",5,3,"Gillnet",8.027,30352
"584",2010,"May",5,1,"Gillnet",4.18,24753
"585",2010,"May",5,2,"Gillnet",1.497,16011
"586",2010,"May",5,3,"Gillnet",7.146,38009
"587",2011,"May",5,1,"Gillnet",7.55,26600
"588",2011,"May",5,2,"Gillnet",6.242,19826
"589",2011,"May",5,3,"Gillnet",9.529,35260
"590",2012,"May",5,1,"Gillnet",6.491,22012
"591",2012,"May",5,2,"Gillnet",6.161,20316
"592",2012,"May",5,3,"Gillnet",8.388,33381
"593",2013,"May",5,1,"Gillnet",8.337,29018
"594",2013,"May",5,2,"Gillnet",1.596,7507
"595",2013,"May",5,3,"Gillnet",8.929,34130
"596",2014,"May",5,1,"Gillnet",3.797,22369
"597",2014,"May",5,2,"Gillnet",1,5524
"598",2014,"May",5,3,"Gillnet",3.263,16296
"599",2015,"May",5,1,"Gillnet",5.633,25591
"600",2015,"May",5,2,"Gillnet",0.919,4536
"601",2015,"May",5,3,"Gillnet",5.66,24908
"602",2016,"May",5,1,"Gillnet",4.686,23492
"603",2016,"May",5,2,"Gillnet",1.663,5151
"604",2016,"May",5,3,"Gillnet",3.606,12820
"605",2017,"May",5,1,"Gillnet",6.581,21626
"606",2017,"May",5,2,"Gillnet",2.277,7357
"607",2017,"May",5,3,"Gillnet",7.771,21883
"608",2018,"May",5,1,"Gillnet",5.284,19859
"609",2018,"May",5,2,"Gillnet",0.488,3880
"610",2018,"May",5,3,"Gillnet",5.344,14270
"611",2019,"May",5,1,"Gillnet",3.567,22629
"612",2019,"May",5,2,"Gillnet",0.471,2317
"613",2019,"May",5,3,"Gillnet",6,9633
"614",2020,"May",5,1,"Gillnet",5.291,23456
"615",2020,"May",5,2,"Gillnet",0.754,2352
"616",2020,"May",5,3,"Gillnet",4.303,9074
"617",1998,"Nov",11,1,"Gillnet",10.565,22150
"618",1998,"Nov",11,2,"Gillnet",5.199,19653
"619",1998,"Nov",11,3,"Gillnet",22.367,36529
"620",1999,"Nov",11,1,"Gillnet",10.954,27747
"621",1999,"Nov",11,2,"Gillnet",17.432,31875
"622",1999,"Nov",11,3,"Gillnet",23.675,36953
"623",2000,"Nov",11,1,"Gillnet",6.741,25070
"624",2000,"Nov",11,2,"Gillnet",14.807,37164
"625",2000,"Nov",11,3,"Gillnet",17.315,35102
"626",2001,"Nov",11,1,"Gillnet",6.778,25440
"627",2001,"Nov",11,2,"Gillnet",8.874,25222
"628",2001,"Nov",11,3,"Gillnet",18.938,31844
"629",2002,"Nov",11,1,"Gillnet",18.544,36384
"630",2002,"Nov",11,2,"Gillnet",15.038,25826
"631",2002,"Nov",11,3,"Gillnet",19.522,30134
"632",2003,"Nov",11,1,"Gillnet",22.517,46794
"633",2003,"Nov",11,2,"Gillnet",9.812,24645
"634",2003,"Nov",11,3,"Gillnet",26.698,55770
"635",2004,"Nov",11,1,"Gillnet",19.158,47200
"636",2004,"Nov",11,2,"Gillnet",6.224,22365
"637",2004,"Nov",11,3,"Gillnet",13.285,36508
"638",2005,"Nov",11,1,"Gillnet",17.038,36738
"639",2005,"Nov",11,2,"Gillnet",6.098,15592
"640",2005,"Nov",11,3,"Gillnet",9.871,29760
"641",2006,"Nov",11,1,"Gillnet",18.28,40901
"642",2006,"Nov",11,2,"Gillnet",5.631,14500
"643",2006,"Nov",11,3,"Gillnet",16.27,37502
"644",2007,"Nov",11,1,"Gillnet",11.891,38785
"645",2007,"Nov",11,2,"Gillnet",2.451,14746
"646",2007,"Nov",11,3,"Gillnet",12.672,37440
"647",2008,"Nov",11,1,"Gillnet",7.408,36899
"648",2008,"Nov",11,2,"Gillnet",1.249,8438
"649",2008,"Nov",11,3,"Gillnet",8.658,30831
"650",2009,"Nov",11,1,"Gillnet",13.668,45281
"651",2009,"Nov",11,2,"Gillnet",1.188,9220
"652",2009,"Nov",11,3,"Gillnet",11.496,36603
"653",2010,"Nov",11,1,"Gillnet",11.182,30181
"654",2010,"Nov",11,2,"Gillnet",0.651,4842
"655",2010,"Nov",11,3,"Gillnet",9.482,28664
"656",2011,"Nov",11,1,"Gillnet",29.133,42513
"657",2011,"Nov",11,2,"Gillnet",7.208,16650
"658",2011,"Nov",11,3,"Gillnet",13.968,34488
"659",2012,"Nov",11,1,"Gillnet",15.196,42439
"660",2012,"Nov",11,2,"Gillnet",2.618,6678
"661",2012,"Nov",11,3,"Gillnet",7.656,28698
"662",2013,"Nov",11,1,"Gillnet",6.991,39052
"663",2013,"Nov",11,2,"Gillnet",0.296,2370
"664",2013,"Nov",11,3,"Gillnet",6.357,26066
"665",2014,"Nov",11,1,"Gillnet",16.522,39879
"666",2014,"Nov",11,2,"Gillnet",3.312,7025
"667",2014,"Nov",11,3,"Gillnet",8.947,26624
"668",2015,"Nov",11,1,"Gillnet",8.833,33683
"669",2015,"Nov",11,2,"Gillnet",1.473,4496
"670",2015,"Nov",11,3,"Gillnet",4.812,22835
"671",2016,"Nov",11,1,"Gillnet",8.834,23723
"672",2016,"Nov",11,2,"Gillnet",3.868,7711
"673",2016,"Nov",11,3,"Gillnet",4.703,19414
"674",2017,"Nov",11,1,"Gillnet",7.063,38328
"675",2017,"Nov",11,2,"Gillnet",1.325,2257
"676",2017,"Nov",11,3,"Gillnet",3.506,16715
"677",2018,"Nov",11,1,"Gillnet",14.903,47685
"678",2018,"Nov",11,2,"Gillnet",3.49,4160
"679",2018,"Nov",11,3,"Gillnet",6.346,19712
"680",2019,"Nov",11,1,"Gillnet",8.854,25803
"681",2019,"Nov",11,2,"Gillnet",2.09,1250
"682",2019,"Nov",11,3,"Gillnet",5.114,11015
"683",2020,"Nov",11,1,"Gillnet",10.834,27222
"684",2020,"Nov",11,2,"Gillnet",3.206,1120
"685",2020,"Nov",11,3,"Gillnet",5.415,13682
"686",1998,"Oct",10,1,"Gillnet",7.368,22282
"687",1998,"Oct",10,2,"Gillnet",7.085,18823
"688",1998,"Oct",10,3,"Gillnet",15.678,35042
"689",1999,"Oct",10,1,"Gillnet",10.592,32701
"690",1999,"Oct",10,2,"Gillnet",16.764,28744
"691",1999,"Oct",10,3,"Gillnet",25.778,33981
"692",2000,"Oct",10,1,"Gillnet",5.942,28660
"693",2000,"Oct",10,2,"Gillnet",13.7,31128
"694",2000,"Oct",10,3,"Gillnet",19.465,33405
"695",2001,"Oct",10,1,"Gillnet",11.395,39052
"696",2001,"Oct",10,2,"Gillnet",14.505,27223
"697",2001,"Oct",10,3,"Gillnet",17.429,32505
"698",2002,"Oct",10,1,"Gillnet",28.225,45821
"699",2002,"Oct",10,2,"Gillnet",21.95,28401
"700",2002,"Oct",10,3,"Gillnet",30.038,31310
"701",2003,"Oct",10,1,"Gillnet",18.291,49036
"702",2003,"Oct",10,2,"Gillnet",19.224,31228
"703",2003,"Oct",10,3,"Gillnet",27.134,51312
"704",2004,"Oct",10,1,"Gillnet",11.929,42856
"705",2004,"Oct",10,2,"Gillnet",10.024,28115
"706",2004,"Oct",10,3,"Gillnet",13.14,39097
"707",2005,"Oct",10,1,"Gillnet",12.432,37892
"708",2005,"Oct",10,2,"Gillnet",9.464,31697
"709",2005,"Oct",10,3,"Gillnet",10.534,30639
"710",2006,"Oct",10,1,"Gillnet",11.361,38996
"711",2006,"Oct",10,2,"Gillnet",6.565,17264
"712",2006,"Oct",10,3,"Gillnet",14.997,28691
"713",2007,"Oct",10,1,"Gillnet",10.757,39970
"714",2007,"Oct",10,2,"Gillnet",4.386,20487
"715",2007,"Oct",10,3,"Gillnet",10.099,29154
"716",2008,"Oct",10,1,"Gillnet",10.319,43042
"717",2008,"Oct",10,2,"Gillnet",3.198,15396
"718",2008,"Oct",10,3,"Gillnet",5.68,20948
"719",2009,"Oct",10,1,"Gillnet",17.239,53012
"720",2009,"Oct",10,2,"Gillnet",2.343,10296
"721",2009,"Oct",10,3,"Gillnet",8.064,26617
"722",2010,"Oct",10,1,"Gillnet",21.434,56389
"723",2010,"Oct",10,2,"Gillnet",3.594,17734
"724",2010,"Oct",10,3,"Gillnet",8.055,27111
"725",2011,"Oct",10,1,"Gillnet",29.567,53877
"726",2011,"Oct",10,2,"Gillnet",6.701,18244
"727",2011,"Oct",10,3,"Gillnet",14.035,22860
"728",2012,"Oct",10,1,"Gillnet",12.206,47111
"729",2012,"Oct",10,2,"Gillnet",3.597,15166
"730",2012,"Oct",10,3,"Gillnet",6.066,22322
"731",2013,"Oct",10,1,"Gillnet",11.839,49279
"732",2013,"Oct",10,2,"Gillnet",2.086,7044
"733",2013,"Oct",10,3,"Gillnet",7.826,27891
"734",2014,"Oct",10,1,"Gillnet",17.506,42338
"735",2014,"Oct",10,2,"Gillnet",3.71,10223
"736",2014,"Oct",10,3,"Gillnet",8.382,30413
"737",2015,"Oct",10,1,"Gillnet",13.66,35175
"738",2015,"Oct",10,2,"Gillnet",2.142,8105
"739",2015,"Oct",10,3,"Gillnet",5.038,21418
"740",2016,"Oct",10,1,"Gillnet",18.536,46086
"741",2016,"Oct",10,2,"Gillnet",3.024,7473
"742",2016,"Oct",10,3,"Gillnet",3.231,13954
"743",2017,"Oct",10,1,"Gillnet",6.55,46010
"744",2017,"Oct",10,2,"Gillnet",1.697,5598
"745",2017,"Oct",10,3,"Gillnet",2.373,10431
"746",2018,"Oct",10,1,"Gillnet",25.271,54277
"747",2018,"Oct",10,2,"Gillnet",4.763,6770
"748",2018,"Oct",10,3,"Gillnet",3.437,10021
"749",2019,"Oct",10,1,"Gillnet",15.98,49409
"750",2019,"Oct",10,2,"Gillnet",4.636,4840
"751",2019,"Oct",10,3,"Gillnet",2.935,7501
"752",2020,"Oct",10,1,"Gillnet",8.636,30315
"753",2020,"Oct",10,2,"Gillnet",3.707,3352
"754",2020,"Oct",10,3,"Gillnet",4.56,7041
"755",1998,"Sep",9,1,"Gillnet",1.157,15837
"756",1998,"Sep",9,2,"Gillnet",1.21,7847
"757",1998,"Sep",9,3,"Gillnet",6.554,16374
"758",1999,"Sep",9,1,"Gillnet",4.313,14761
"759",1999,"Sep",9,2,"Gillnet",1.106,16507
"760",1999,"Sep",9,3,"Gillnet",11.061,18929
"761",2000,"Sep",9,1,"Gillnet",4.325,17186
"762",2000,"Sep",9,2,"Gillnet",4.511,15903
"763",2000,"Sep",9,3,"Gillnet",6.587,16991
"764",2001,"Sep",9,1,"Gillnet",3.468,24003
"765",2001,"Sep",9,2,"Gillnet",0.636,9624
"766",2001,"Sep",9,3,"Gillnet",7.188,14699
"767",2002,"Sep",9,1,"Gillnet",9.094,23607
"768",2002,"Sep",9,2,"Gillnet",0.987,10281
"769",2002,"Sep",9,3,"Gillnet",9.652,13944
"770",2003,"Sep",9,1,"Gillnet",7.92,33065
"771",2003,"Sep",9,2,"Gillnet",2.173,14262
"772",2003,"Sep",9,3,"Gillnet",11.034,22953
"773",2004,"Sep",9,1,"Gillnet",3.364,24013
"774",2004,"Sep",9,2,"Gillnet",3.386,11701
"775",2004,"Sep",9,3,"Gillnet",5.814,14857
"776",2005,"Sep",9,1,"Gillnet",8.721,27446
"777",2005,"Sep",9,2,"Gillnet",2.805,17429
"778",2005,"Sep",9,3,"Gillnet",5.413,14201
"779",2006,"Sep",9,1,"Gillnet",2.966,23708
"780",2006,"Sep",9,2,"Gillnet",0.855,10211
"781",2006,"Sep",9,3,"Gillnet",4.605,14583
"782",2007,"Sep",9,1,"Gillnet",4.062,29526
"783",2007,"Sep",9,2,"Gillnet",0.459,8032
"784",2007,"Sep",9,3,"Gillnet",3.166,11837
"785",2008,"Sep",9,1,"Gillnet",7.129,37079
"786",2008,"Sep",9,2,"Gillnet",2.672,11979
"787",2008,"Sep",9,3,"Gillnet",4.195,13173
"788",2009,"Sep",9,1,"Gillnet",4.354,35373
"789",2009,"Sep",9,2,"Gillnet",0.627,8061
"790",2009,"Sep",9,3,"Gillnet",3.56,10779
"791",2010,"Sep",9,1,"Gillnet",5.532,42616
"792",2010,"Sep",9,2,"Gillnet",1.304,12012
"793",2010,"Sep",9,3,"Gillnet",5.824,13066
"794",2011,"Sep",9,1,"Gillnet",5.951,37436
"795",2011,"Sep",9,2,"Gillnet",1.38,13936
"796",2011,"Sep",9,3,"Gillnet",7.47,13839
"797",2012,"Sep",9,1,"Gillnet",3.13,38108
"798",2012,"Sep",9,2,"Gillnet",0.772,12402
"799",2012,"Sep",9,3,"Gillnet",3.728,12720
"800",2013,"Sep",9,1,"Gillnet",4.34,27971
"801",2013,"Sep",9,2,"Gillnet",0.654,5202
"802",2013,"Sep",9,3,"Gillnet",3.686,15433
"803",2014,"Sep",9,1,"Gillnet",4.111,31316
"804",2014,"Sep",9,2,"Gillnet",0.413,6388
"805",2014,"Sep",9,3,"Gillnet",4.207,14872
"806",2015,"Sep",9,1,"Gillnet",2.505,21081
"807",2015,"Sep",9,2,"Gillnet",0.288,5187
"808",2015,"Sep",9,3,"Gillnet",1.851,8002
"809",2016,"Sep",9,1,"Gillnet",3.643,28760
"810",2016,"Sep",9,2,"Gillnet",1.189,3882
"811",2016,"Sep",9,3,"Gillnet",2.265,4694
"812",2017,"Sep",9,1,"Gillnet",1.945,23121
"813",2017,"Sep",9,2,"Gillnet",0.252,3014
"814",2017,"Sep",9,3,"Gillnet",0.726,3602
"815",2018,"Sep",9,1,"Gillnet",3.078,27020
"816",2018,"Sep",9,2,"Gillnet",0.33,3471
"817",2018,"Sep",9,3,"Gillnet",1.12,3790
"818",2019,"Sep",9,1,"Gillnet",1.985,24577
"819",2019,"Sep",9,2,"Gillnet",0.218,2330
"820",2019,"Sep",9,3,"Gillnet",1.116,2059
"821",2020,"Sep",9,1,"Gillnet",2.77,26572
"822",2020,"Sep",9,2,"Gillnet",0.351,2692
"823",2020,"Sep",9,3,"Gillnet",0.941,1699
